{"minzoom":0,"maxzoom":8,"center":[21.796875,41.506436,8.0],"bounds":[20.453318,40.854585,23.034141,42.373901]}