{"minzoom":0,"maxzoom":9,"center":[22.148438,41.770776,9.0],"bounds":[20.453318,40.854585,23.034141,42.373901]}